feature,importance
Age,0.2558110076725778
IsActiveMember,0.16577127824301677
NumOfProducts,0.14049657938767401
Geography_Germany,0.09443396124539379
Balance,0.0916115290386536
Gender,0.0813026473302928
EstimatedSalary,0.05362540089839262
CreditScore,0.04616861262134936
Tenure,0.034677772784953605
HasCrCard,0.018859997226885823
Geography_Spain,0.017241213550809917
